clusters	cophenetic correlation
2	0.9359562684679991
3	0.8713390595726466
4	0.7948605837475073
5	0.7405288397241117
6	0.7564137669262626
7	0.7224916101742742
8	0.7140904666014978
9	0.693212343521334
10	0.6793946688825087
