clusters	cophenetic correlation
2	0.7548656924779341
3	0.6621519097128202
4	0.695123869968249
5	0.6700481634158787
6	0.7230320458312817
7	0.7100218592701161
8	0.7151628320598584
9	0.702568696356017
10	0.7168252245996183
