clusters	cophenetic correlation
2	0.9320068614946595
3	0.8631235637832148
4	0.8136314133736617
5	0.7967677043753969
6	0.7651123978659711
7	0.7541735617896591
8	0.7644603935975337
9	0.7483325432258451
10	0.7600643783530854
