clusters	cophenetic correlation
2	0.9328594364936359
3	0.884085271838552
4	0.8373441406459181
5	0.8386697595057386
6	0.7663528855343711
7	0.7416529005849236
8	0.7228243387928746
9	0.7322267600500822
10	0.6961734232337945
