clusters	cophenetic correlation
2	0.9397211378119656
3	0.8122415403956232
4	0.7939747595946478
5	0.808505465201375
6	0.778076630604379
7	0.771839140865112
8	0.7465034668725052
9	0.7282149011117434
10	0.7253636428674678
