clusters	cophenetic correlation
2	0.8606930516863579
3	0.8026328164946511
4	0.7700643842878055
5	0.6747897133388895
6	0.6679568696908044
7	0.57563613704998
8	0.6153741732124565
9	0.5120369104901848
10	0.4470931414274755
